{
    "test_mse": 0.8109367645387033,
    "test_mae": 0.6970453066553984,
    "test_r2": 0.2423340197297943
}